Image,x1,y1,x2,y2,x3,y3,x4,y4
Im0.tif,0.596,0.241,0.745,0.438,0.251,0.216,0.407,0.435
Im2.tif,,,,,,,,
Im3.tif,0.531,0.13,0.708,0.398,0.228,0.148,0.409,0.424
Im4.tif,0.669,0.424,0.809,0.618,0.298,0.382,0.44,0.586
Im5.tif,0.58,0.241,0.739,0.457,0.196,0.212,0.358,0.427
Im6.tif,0.679,0.346,0.852,0.572,0.284,0.303,0.463,0.537
Im7.tif,0.676,0.285,0.866,0.521,0.289,0.22,0.463,0.491
Im10.tif,0.647,0.357,0.79,0.511,0.235,0.335,0.39,0.518
Im11.tif,,,,,,,,
Im12.tif,0.54787,0.189474,0.734336,0.419048,0.176441,0.184461,0.364912,0.411028
Im16.tif,0.579,0.407,0.72,0.602,0.308,0.342,0.463,0.558
Im17.tif,0.596,0.309,0.775,0.533,0.108,0.197,0.277,0.427
Im18.tif,0.629,0.359,0.765,0.526,0.154,0.234,0.332,0.482
Im19.tif,0.767,0.401,0.916,0.584,0.223,0.322,0.432,0.593
Im21.tif,,,,,,,,    
Im22.tif,0.5599,0.281203,0.716291,0.470175,0.265163,0.212531,0.434085,0.42406
Im26.tif,0.731,0.423,0.93,0.696,0.231,0.348,0.447,0.624
Im27.tif,0.529,0.208,0.688,0.409,0.268,0.209,0.42,0.423
Im28.tif,0.608,0.389,0.732,0.531,0.313,0.33,0.442,0.482
Im29.tif,0.617,0.326,0.774,0.508,0.223,0.265,0.381,0.456
Im30.tif,0.545,0.319,0.706,0.521,0.265,0.271,0.421,0.466
Im31.tif,,,,,,,,
Im33.tif,0.594486,0.243609,0.771429,0.508271,0.213534,0.207519,0.420551,0.474185
Im34.tif,,,,,,,,
Im35.tif,0.540351,0.234586,0.700752,0.444612,0.279699,0.192982,0.43208,0.409023
Im36.tif,,,,,,,,
Im37.tif,0.55589,0.335338,0.745363,0.548872,0.314787,0.215038,0.486216,0.425564
Im38.tif,0.559,0.282,0.736,0.504,0.249,0.149,0.43,0.384
Im39.tif,,,,,,,,
Im40.tif,0.562406,0.27619,0.741855,0.511779,0.229574,0.239599,0.39599,0.469674
Im41.tif,,,,,,,,
Im42.tif,0.659148,0.266165,0.849123,0.472682,0.368922,0.307268,0.548371,0.517293
Im43.tif,0.49,0.327,0.638,0.535,0.32,0.308,0.466,0.527
Im44.tif,0.526,0.367,0.672,0.575,0.349,0.331,0.487,0.572
Im45.tif,0.473,0.145,0.636,0.348,0.188,0.17,0.359,0.388
Im46.tif,0.553,0.364,0.741,0.61,0.279,0.214,0.474,0.467
Im47.tif,0.534,0.344,0.728,0.593,0.27,0.186,0.463,0.44
Im48.tif,0.551,0.343,0.719,0.574,0.249,0.274,0.404,0.495
Im49.tif,0.667,0.362,0.881,0.638,0.207,0.28,0.409,0.558
Im50.tif,0.636,0.378,0.815,0.61,0.253,0.29,0.428,0.521
Im51.tif,0.512,0.263,0.639,0.456,0.223,0.215,0.371,0.427
Im53.tif,0.655,0.268,0.84,0.504,0.3,0.278,0.477,0.522
Im54.tif,0.485,0.238,0.65,0.458,0.137,0.169,0.308,0.4
Im55.tif,0.626,0.223,0.809,0.466,0.175,0.148,0.372,0.406
Im56.tif,0.627,0.378,0.792,0.608,0.271,0.281,0.448,0.517
Im57.tif,,,,,,,,
Im59.tif,0.565414,0.241103,0.74787,0.465163,0.305263,0.175439,0.466667,0.426566
Im60.tif,,,,,,,,
Im61.tif,0.64411,0.321303,0.812531,0.536842,0.261654,0.27619,0.43208,0.504762
Im62.tif,0.627,0.333,0.783,0.542,0.245,0.267,0.383,0.465
Im63.tif,0.543,0.32,0.663,0.492,0.293,0.236,0.421,0.419
Im68.tif,0.494,0.392,0.677,0.627,0.245,0.335,0.432,0.596
Im70.tif,,,,,,,,
Im73.tif,0.511779,0.192982,0.716792,0.402005,0.267168,0.192982,0.434586,0.447619
Im75.tif,,,,,,,,
Im76.tif,0.499248,0.293734,0.671178,0.525313,0.269674,0.170927,0.447619,0.421554
Im79.tif,0.566,0.297,0.736,0.516,0.226,0.235,0.392,0.462
Im80.tif,,,,,,,,
Im82.tif,0.594486,0.267168,0.757393,0.46015,0.189975,0.230576,0.352882,0.458647
Im83.tif,,,,,,,,
Im85.tif,0.530827,0.269173,0.741353,0.550376,0.226065,0.156391,0.394486,0.422055
Im86.tif,0.661,0.335,0.8,0.531,0.308,0.296,0.457,0.498
Im87.tif,,,,,,,,
Im89.tif,0.715789,0.189474,0.936842,0.450627,0.267168,0.121805,0.467168,0.386967
Im90.tif,0.576,0.245,0.764,0.453,0.127,0.178,0.306,0.392
Im91.tif,0.606,0.35,0.725,0.517,0.27,0.251,0.396,0.427
Im92.tif,0.594,0.303,0.764,0.528,0.306,0.305,0.478,0.544
Im93.tif,0.63,0.358,0.784,0.558,0.252,0.223,0.402,0.427
Im94.tif,0.656,0.337,0.83,0.562,0.185,0.3,0.355,0.537
Im95.tif,0.581,0.254,0.73,0.45,0.198,0.245,0.35,0.466
Im96.tif,0.55,0.202,0.712,0.399,0.181,0.161,0.334,0.374
Im97.tif,0.644,0.293,0.785,0.483,0.26,0.232,0.408,0.436
Im98.tif,,,,,,,,
Im99.tif,0.671679,0.342356,0.843108,0.564912,0.354386,0.269674,0.534837,0.505764
Im100.tif,0.596,0.3,0.737,0.47,0.273,0.261,0.439,0.453
Im101.tif,,,,,,,,
Im103.tif,0.543358,0.280702,0.735338,0.508772,0.338847,0.274185,0.496241,0.498747
Im104.tif,0.639,0.296,0.807,0.506,0.156,0.195,0.328,0.422
Im105.tif,,,,,,,,
Im106.tif,0.581955,0.307769,0.755388,0.53584,0.303759,0.305263,0.491228,0.520802
Im108.tif,0.644,0.336,0.793,0.53,0.362,0.34,0.511,0.539
Im110.tif,0.539,0.258,0.689,0.467,0.231,0.207,0.386,0.434
Im111.tif,0.591,0.216,0.775,0.435,0.17,0.172,0.338,0.407
Im112.tif,0.752,0.335,0.915,0.548,0.327,0.224,0.499,0.446
Im119.tif,,,,,,,,
Im120.tif,0.520802,0.223058,0.719799,0.451629,0.173935,0.156892,0.376942,0.39198
Im121.tif,0.607,0.297,0.742,0.497,0.257,0.306,0.4,0.515
Im122.tif,0.551,0.355,0.753,0.616,0.211,0.243,0.418,0.505
Im124.tif,0.511,0.299,0.676,0.52,0.243,0.231,0.425,0.471
Im125.tif,0.499,0.225,0.668,0.453,0.174,0.1,0.346,0.329
Im126.tif,0.605,0.182,0.808,0.442,0.18,0.107,0.377,0.38
Im127.tif,,,,,,,,
Im128.tif,0.716291,0.37995,0.897744,0.614035,0.258647,0.344361,0.45614,0.618546
Im129.tif,,,,,,,,
Im130.tif,0.666667,0.327318,0.835088,0.544862,0.288722,0.298246,0.472682,0.554386
Im131.tif,0.664,0.26,0.888,0.568,0.135,0.122,0.37,0.441
Im132.tif,0.63,0.206,0.827,0.484,0.193,0.112,0.404,0.399
Im133.tif,0.527,0.163,0.715,0.406,0.147,0.132,0.301,0.339
Im134.tif,0.498,0.181,0.681,0.404,0.207,0.254,0.376,0.474
Im135.tif,0.547,0.277,0.726,0.513,0.258,0.264,0.42,0.498
Im136.tif,,,,,,,,
Im137.tif,0.565414,0.264662,0.769925,0.533333,0.245113,0.226065,0.425063,0.486216
Im138.tif,0.645,0.394,0.821,0.612,0.335,0.414,0.489,0.607
Im139.tif,0.582,0.232,0.766,0.468,0.277,0.12,0.463,0.374
Im141.tif,0.625,0.329,0.784,0.524,0.247,0.281,0.397,0.474
Im142.tif,0.626,0.361,0.769,0.543,0.244,0.324,0.38,0.515
Im144.tif,,,,,,,,
Im145.tif,0.573434,0.270677,0.768922,0.558396,0.227068,0.254135,0.44411,0.523308
Im147.tif,0.658,0.334,0.849,0.573,0.207,0.208,0.395,0.448
Im150.tif,0.647,0.319,0.815,0.525,0.258,0.228,0.421,0.434
Im151.tif,,,,,,,,
Im152.tif,0.663158,0.278195,0.858647,0.52782,0.165915,0.189474,0.361404,0.450627
Im153.tif,0.658,0.309,0.812,0.486,0.311,0.228,0.48,0.424
Im154.tif,0.5,0.272,0.655,0.479,0.259,0.204,0.418,0.407
Im156.tif,0.511,0.338,0.654,0.525,0.284,0.312,0.408,0.49
Im157.tif,0.645,0.365,0.798,0.57,0.338,0.292,0.5,0.502
Im158.tif,0.591,0.372,0.703,0.54,0.309,0.333,0.445,0.505
Im159.tif,,,,,,,,
Im162.tif,0.621053,0.338847,0.807519,0.598997,0.242607,0.309774,0.423559,0.569424
Im163.tif,0.593,0.358,0.776,0.585,0.27,0.334,0.45,0.571
Im164.tif,0.643,0.306,0.801,0.513,0.17,0.208,0.324,0.43
Im165.tif,0.575,0.307,0.706,0.467,0.261,0.249,0.388,0.42
Im166.tif,,,,,,,,
Im168.tif,0.55188,0.357895,0.728321,0.56792,0.233083,0.243609,0.406516,0.465163
Im169.tif,,,,,,,,
Im170.tif,0.529323,0.202005,0.693233,0.406015,0.18797,0.209524,0.357895,0.429073
Im173.tif,0.647,0.263,0.821,0.488,0.249,0.239,0.427,0.48
Im174.tif,,,,,,,,
Im176.tif,0.646617,0.257143,0.825564,0.462155,0.160902,0.17594,0.348872,0.401504
Im177.tif,0.596,0.286,0.769,0.474,0.172,0.254,0.328,0.464
Im178.tif,,,,,,,,
Im179.tif,0.653133,0.196992,0.859649,0.474185,0.332331,0.198997,0.549373,0.473684
Im180.tif,,,,,,,,
Im181.tif,0.591479,0.231078,0.78797,0.467669,0.331328,0.241103,0.521303,0.471679
Im182.tif,,,,,,,,
Im186.tif,0.698747,0.377444,0.895739,0.617544,0.265664,0.32782,0.450627,0.572431
Im187.tif,0.554,0.32,0.703,0.512,0.177,0.224,0.323,0.439
Im188.tif,0.678,0.308,0.836,0.542,0.303,0.243,0.458,0.453
Im189.tif,0.673,0.331,0.851,0.551,0.292,0.247,0.455,0.487
Im191.tif,,,,,,,,
Im192.tif,0.630075,0.312782,0.773434,0.494236,0.259148,0.148872,0.44411,0.364912
Im193.tif,,,,,,,,
Im195.tif,0.714787,0.372932,0.875689,0.584461,0.26416,0.342857,0.429073,0.554386
Im196.tif,0.597,0.269,0.742,0.442,0.21,0.283,0.346,0.467
Im197.tif,0.69,0.266,0.862,0.489,0.149,0.118,0.317,0.361
Im198.tif,0.649,0.311,0.8,0.497,0.295,0.279,0.425,0.458
Im200.tif,,,,,,,,
Im201.tif,0.63208,0.358396,0.774937,0.542857,0.298747,0.263158,0.447118,0.454135
Im202.tif,0.596,0.261,0.749,0.445,0.235,0.29,0.375,0.492
Im203.tif,0.546,0.196,0.718,0.41,0.136,0.217,0.289,0.439
Im204.tif,0.537,0.426,0.691,0.638,0.165,0.355,0.331,0.574
Im206.tif,,,,,,,,
Im207.tif,0.519799,0.286216,0.701253,0.510777,0.243609,0.201003,0.42005,0.415539
Im210.tif,0.603,0.405,0.787,0.636,0.349,0.379,0.519,0.614
Im211.tif,0.575,0.266,0.724,0.472,0.296,0.18,0.454,0.391
Im212.tif,0.505,0.146,0.679,0.366,0.237,0.114,0.41,0.348
Im213.tif,0.566,0.234,0.735,0.438,0.303,0.202,0.468,0.419
Im214.tif,0.63,0.288,0.787,0.481,0.366,0.244,0.526,0.455
Im215.tif,0.561,0.259,0.706,0.436,0.284,0.224,0.43,0.412
Im216.tif,,,,,,,,
Im217.tif,0.638095,0.284712,0.807519,0.488221,0.348371,0.251629,0.506266,0.452632
Im218.tif,0.507,0.206,0.657,0.401,0.231,0.135,0.376,0.309
Im219.tif,,,,,,,,
Im220.tif,0.611028,0.230075,0.835589,0.503759,0.218546,0.126316,0.430576,0.389975
Im221.tif,,,,,,,,
Im222.tif,0.564411,0.313283,0.700752,0.493734,0.273684,0.223058,0.438596,0.426065
Im223.tif,,,,,,,,
Im225.tif,0.544862,0.251629,0.722306,0.478697,0.129825,0.197494,0.309774,0.437093
Im226.tif,0.558,0.292,0.718,0.524,0.258,0.243,0.411,0.449
Im227.tif,0.548,0.291,0.706,0.512,0.254,0.232,0.395,0.426
Im228.tif,0.568,0.264,0.732,0.469,0.225,0.274,0.368,0.471
Im229.tif,0.569,0.294,0.718,0.482,0.263,0.271,0.405,0.459
Im230.tif,0.578,0.227,0.741,0.431,0.165,0.194,0.319,0.368
Im232.tif,,,,,,,,
Im234.tif,0.434085,0.32782,0.585464,0.510276,0.186967,0.314787,0.353885,0.498246
Im235.tif,0.705,0.415,0.865,0.61,0.315,0.425,0.483,0.65
Im236.tif,0.633,0.334,0.796,0.553,0.273,0.276,0.457,0.522
Im237.tif,0.571,0.315,0.741,0.524,0.204,0.315,0.364,0.544
Im239.tif,0.567,0.29,0.732,0.497,0.233,0.232,0.41,0.448
Im240.tif,0.63,0.332,0.775,0.507,0.278,0.326,0.423,0.506
Im241.tif,0.527,0.225,0.683,0.431,0.307,0.152,0.47,0.36
Im242.tif,0.521,0.243,0.685,0.444,0.269,0.196,0.415,0.402
Im243.tif,0.462,0.273,0.648,0.512,0.197,0.161,0.393,0.426
Im244.tif,0.534,0.284,0.69,0.485,0.245,0.238,0.405,0.452
Im245.tif,0.661,0.319,0.833,0.542,0.158,0.253,0.335,0.471
Im246.tif,0.597,0.247,0.746,0.442,0.265,0.16,0.407,0.368
Im247.tif,,,,,,,,
Im248.tif,0.600501,0.366917,0.764411,0.630075,0.327318,0.282206,0.508772,0.509273
Im250.tif,,,,,,,,
Im251.tif,0.606015,0.356391,0.788471,0.57193,0.253634,0.288221,0.442607,0.529323
Im253.tif,0.617,0.327,0.748,0.464,0.347,0.327,0.456,0.448
Im254.tif,0.644,0.277,0.818,0.505,0.157,0.042,0.332,0.281
Im255.tif,0.64,0.274,0.792,0.48,0.325,0.195,0.505,0.43
Im256.tif,0.535,0.167,0.706,0.373,0.28,0.15,0.426,0.365
Im257.tif,0.605,0.27,0.761,0.461,0.249,0.274,0.389,0.471
Im258.tif,0.595,0.269,0.734,0.462,0.307,0.195,0.453,0.376
Im259.tif,0.736,0.423,0.938,0.684,0.185,0.219,0.386,0.489
Im260.tif,0.548,0.339,0.729,0.572,0.234,0.191,0.428,0.454
Im261.tif,0.567,0.26,0.755,0.532,0.251,0.187,0.456,0.46
Im262.tif,0.623,0.271,0.786,0.484,0.23,0.218,0.41,0.442
Im263.tif,,,,,,,,
Im264.tif,0.585464,0.287218,0.778446,0.519298,0.255138,0.21203,0.447619,0.454135
Im265.tif,0.551,0.214,0.721,0.431,0.293,0.165,0.454,0.394
Im266.tif,,,,,,,,
Im267.tif,0.57995,0.201504,0.774436,0.447118,0.22005,0.186967,0.429574,0.435088
Im268.tif,0.608,0.344,0.763,0.528,0.26,0.3,0.399,0.509
Im269.tif,,,,,,,,
Im270.tif,0.540852,0.251629,0.706266,0.467168,0.1599,0.170927,0.315789,0.38797
Im271.tif,0.534,0.351,0.695,0.565,0.226,0.3,0.406,0.523
Im272.tif,0.555,0.363,0.701,0.554,0.251,0.258,0.412,0.477
Im273.tif,,,,,,,,
Im274.tif,0.46015,0.160902,0.666667,0.420551,0.096241,0.065163,0.299248,0.339348
Im277.tif,0.573,0.312,0.728,0.523,0.294,0.25,0.449,0.439
Im278.tif,0.615,0.341,0.745,0.528,0.375,0.255,0.509,0.447
Im280.tif,0.647,0.334,0.816,0.538,0.28,0.299,0.447,0.505
Im281.tif,0.68,0.391,0.837,0.609,0.362,0.297,0.546,0.531
Im282.tif,0.606,0.37,0.768,0.564,0.206,0.291,0.357,0.482
Im283.tif,0.698,0.301,0.868,0.493,0.255,0.272,0.422,0.491
Im284.tif,0.507,0.211,0.68,0.438,0.269,0.124,0.447,0.363
Im285.tif,0.656,0.276,0.831,0.502,0.374,0.264,0.555,0.504
Im286.tif,0.541,0.252,0.735,0.482,0.219,0.178,0.417,0.415
Im287.tif,0.596,0.374,0.746,0.582,0.316,0.302,0.472,0.507
Im288.tif,0.665,0.392,0.834,0.606,0.342,0.326,0.509,0.544
Im292.tif,,,,,,,,
Im293.tif,0.66416,0.311278,0.892732,0.602005,0.193985,0.141353,0.449624,0.501754
Im298.tif,0.64,0.256,0.806,0.461,0.185,0.15,0.361,0.383
Im299.tif,0.593,0.392,0.755,0.588,0.379,0.333,0.531,0.554
Im300.tif,,,,,,,,
Im301.tif,0.622556,0.384461,0.790977,0.610025,0.222055,0.175439,0.405514,0.38797
Im302.tif,0.534,0.326,0.702,0.54,0.199,0.251,0.379,0.474
Im303.tif,0.517,0.258,0.683,0.457,0.252,0.189,0.416,0.411
Im304.tif,0.646,0.384,0.777,0.571,0.267,0.324,0.396,0.515
Im306.tif,0.662,0.397,0.824,0.597,0.292,0.326,0.445,0.548
Im307.tif,0.597,0.379,0.739,0.576,0.243,0.254,0.392,0.471
Im308.tif,0.637,0.46,0.779,0.643,0.283,0.338,0.418,0.507
Im309.tif,0.697,0.278,0.891,0.527,0.168,0.295,0.358,0.556
Im312.tif,0.571,0.331,0.735,0.538,0.194,0.272,0.344,0.489
Im313.tif,0.523,0.255,0.665,0.457,0.265,0.133,0.426,0.342
Im314.tif,0.556,0.227,0.709,0.42,0.261,0.203,0.407,0.401
Im316.tif,0.595,0.233,0.75,0.425,0.197,0.245,0.347,0.433
Im317.tif,0.693,0.35,0.86,0.564,0.244,0.324,0.412,0.546
Im323.tif,0.569,0.231,0.739,0.446,0.087,0.203,0.246,0.429
Im324.tif,0.634,0.349,0.767,0.542,0.29,0.294,0.416,0.46
Im325.tif,0.72,0.318,0.883,0.532,0.205,0.197,0.384,0.439
Im326.tif,0.506,0.318,0.655,0.499,0.224,0.172,0.372,0.354
Im327.tif,0.579,0.249,0.764,0.465,0.209,0.193,0.387,0.41
Im330.tif,0.693,0.469,0.86,0.692,0.319,0.314,0.501,0.542
Im332.tif,0.666,0.274,0.812,0.47,0.329,0.277,0.476,0.489
Im333.tif,,,,,,,,
Im334.tif,0.537845,0.286216,0.748872,0.569424,0.252632,0.166416,0.466165,0.458647
Im335.tif,0.6,0.384,0.765,0.597,0.369,0.371,0.505,0.583
Im336.tif,0.551,0.264,0.709,0.486,0.109,0.214,0.258,0.417
Im337.tif,0.697,0.366,0.87,0.602,0.267,0.257,0.433,0.5
Im338.tif,0.586,0.276,0.742,0.495,0.152,0.216,0.307,0.431
Im339.tif,0.645,0.309,0.789,0.507,0.329,0.272,0.472,0.463
Im340.tif,0.616,0.282,0.806,0.521,0.148,0.263,0.346,0.521
Im342.tif,0.592,0.326,0.73,0.514,0.391,0.313,0.527,0.5
Im343.tif,0.579,0.245,0.718,0.432,0.362,0.241,0.506,0.423
Im344.tif,0.615,0.182,0.779,0.386,0.245,0.143,0.42,0.35
Im345.tif,0.651,0.354,0.807,0.545,0.292,0.28,0.449,0.477
Im346.tif,0.583,0.292,0.746,0.487,0.292,0.257,0.441,0.458
Im347.tif,0.617,0.252,0.809,0.503,0.185,0.173,0.387,0.436
Im348.tif,,,,,,,,
Im349.tif,0.577444,0.326316,0.748371,0.524812,0.249624,0.162907,0.422556,0.340351
Im350.tif,0.579,0.224,0.787,0.528,0.232,0.265,0.451,0.552
Im351.tif,0.624,0.359,0.755,0.534,0.303,0.282,0.437,0.462
Im353.tif,0.669,0.28,0.864,0.531,0.185,0.161,0.383,0.436
Im354.tif,,,,,,,,
Im357.tif,0.665664,0.368922,0.885714,0.62005,0.294737,0.321303,0.485714,0.566917
Im359.tif,0.652,0.367,0.81,0.575,0.28,0.234,0.454,0.447
Im360.tif,0.617,0.38,0.766,0.566,0.269,0.275,0.423,0.477
Im361.tif,0.663,0.272,0.837,0.494,0.259,0.235,0.403,0.43
Im362.tif,,,,,,,,
Im363.tif,0.615539,0.297243,0.807519,0.514286,0.193484,0.298246,0.396992,0.562907
Im364.tif,,,,,,,,
Im367.tif,0.659148,0.341855,0.837093,0.561905,0.301754,0.300752,0.477694,0.517293
Im368.tif,,,,,,,,
Im369.tif,0.611028,0.342857,0.769424,0.524311,0.309774,0.269674,0.459148,0.451128
Im370.tif,0.432,0.239,0.602,0.461,0.187,0.174,0.332,0.362
Im371.tif,0.656,0.285,0.865,0.566,0.221,0.19,0.452,0.482
Im372.tif,0.615,0.25,0.784,0.455,0.168,0.231,0.331,0.442
Im373.tif,0.707,0.302,0.859,0.504,0.274,0.303,0.425,0.516
Im374.tif,,,,,,,,
Im375.tif,0.60802,0.261153,0.734837,0.449123,0.148872,0.176942,0.317794,0.408521
Im376.tif,0.629,0.305,0.775,0.487,0.192,0.214,0.33,0.404
Im377.tif,0.577,0.3,0.739,0.517,0.311,0.267,0.486,0.484
Im380.tif,0.636,0.328,0.805,0.527,0.287,0.208,0.458,0.427
Im381.tif,0.601,0.356,0.744,0.54,0.322,0.268,0.463,0.463
Im382.tif,,,,,,,,
Im383.tif,0.612531,0.346366,0.809524,0.562907,0.296241,0.246115,0.470677,0.488221
Im385.tif,0.612,0.251,0.756,0.434,0.234,0.228,0.379,0.428
Im386.tif,,,,,,,,
Im391.tif,0.514286,0.239098,0.734837,0.483208,0.188972,0.229073,0.380451,0.442607
Im394.tif,,,,,,,,
Im395.tif,0.572431,0.21203,0.713283,0.374937,0.259649,0.18396,0.422055,0.366416
Im399.tif,0.616,0.286,0.798,0.531,0.195,0.115,0.392,0.366
Im400.tif,0.62,0.316,0.76,0.498,0.36,0.289,0.497,0.484
Im401.tif,0.588,0.328,0.721,0.48,0.297,0.225,0.418,0.38
Im402.tif,0.663,0.389,0.825,0.592,0.23,0.357,0.376,0.569
Im403.tif,0.604,0.351,0.761,0.557,0.255,0.314,0.389,0.532
Im405.tif,,,,,,,,
Im406.tif,0.54787,0.251629,0.712782,0.479699,0.256642,0.186967,0.417043,0.42406
Im407.tif,0.569,0.315,0.719,0.525,0.319,0.261,0.455,0.467
Im408.tif,0.609,0.252,0.787,0.476,0.226,0.221,0.413,0.451
Im409.tif,0.647,0.266,0.808,0.492,0.374,0.22,0.548,0.442
Im410.tif,,,,,,,,
Im411.tif,0.545865,0.314286,0.763409,0.650627,0.269674,0.300752,0.46416,0.526316
Im413.tif,0.663,0.412,0.827,0.63,0.162,0.264,0.331,0.475
Im414.tif,0.722,0.464,0.897,0.695,0.201,0.365,0.381,0.583
Im417.tif,0.636,0.328,0.801,0.557,0.176,0.215,0.333,0.412
Im418.tif,0.494,0.265,0.657,0.51,0.132,0.183,0.32,0.439
Im419.tif,0.618,0.26,0.724,0.406,0.397,0.239,0.511,0.407
Im421.tif,0.5,0.299,0.681,0.469,0.287,0.254,0.441,0.464
Im423.tif,,,,,,,,
Im424.tif,0.674185,0.364912,0.835088,0.564411,0.283208,0.242105,0.446115,0.509273
Im425.tif,0.582,0.339,0.73,0.519,0.274,0.272,0.401,0.452
Im426.tif,0.545,0.381,0.695,0.572,0.299,0.216,0.449,0.426
Im427.tif,0.557,0.28,0.714,0.497,0.209,0.199,0.373,0.426
Im428.tif,0.513,0.128,0.726,0.382,0.215,0.296,0.397,0.559
Im429.tif,0.71,0.378,0.873,0.574,0.262,0.227,0.436,0.416
Im430.tif,0.643,0.403,0.835,0.632,0.276,0.35,0.447,0.591
Im431.tif,0.555,0.351,0.726,0.571,0.318,0.298,0.465,0.513
Im432.tif,0.582,0.242,0.775,0.544,0.253,0.218,0.455,0.488
Im433.tif,0.543,0.179,0.775,0.474,0.255,0.13,0.473,0.425
Im434.tif,0.542,0.281,0.683,0.47,0.27,0.299,0.429,0.503
Im435.tif,0.618,0.53,0.774,0.721,0.339,0.355,0.509,0.574
Im436.tif,0.657,0.378,0.805,0.563,0.372,0.315,0.512,0.509
Im437.tif,0.585464,0.288722,0.764411,0.499749,0.175439,0.217544,0.34787,0.44411
Im439.tif,0.65,0.339,0.788,0.53,0.38,0.314,0.526,0.504
Im440.tif,0.657,0.291,0.805,0.506,0.378,0.273,0.55,0.485
Im441.tif,0.571,0.244,0.718,0.432,0.17,0.167,0.326,0.372
Im442.tif,,,,,,,,
Im443.tif,0.561905,0.321303,0.733835,0.544361,0.183459,0.222055,0.3599,0.457644
Im444.tif,,,,,,,,
Im447.tif,0.598997,0.210526,0.786466,0.461153,0.149875,0.123308,0.342356,0.378446
Im448.tif,0.637,0.337,0.8,0.556,0.256,0.283,0.415,0.498
Im449.tif,,,,,,,,
Im450.tif,0.52782,0.227569,0.685213,0.429574,0.196992,0.184461,0.360401,0.388972
Im451.tif,,,,,,,,
Im452.tif,0.564912,0.184461,0.81203,0.473183,0.196491,0.175439,0.475188,0.501253
Im455.tif,,,,,,,,
Im456.tif,0.570426,0.25614,0.781454,0.511779,0.264662,0.221554,0.465664,0.482707
Im457.tif,0.648,0.34,0.824,0.563,0.265,0.147,0.448,0.386
Im459.tif,0.597,0.296,0.778,0.522,0.232,0.282,0.411,0.518
Im460.tif,,,,,,,,
Im461.tif,0.6,0.310777,0.841604,0.536341,0.239599,0.088221,0.483709,0.401003
Im462.tif,0.66,0.26,0.85,0.499,0.248,0.267,0.427,0.52
Im463.tif,0.559,0.387,0.685,0.565,0.321,0.322,0.455,0.507
Im464.tif,0.571,0.278,0.753,0.517,0.186,0.158,0.359,0.408
Im468.tif,,,,,,,,
Im470.tif,0.542356,0.277193,0.707268,0.482707,0.166416,0.267168,0.299248,0.471679
Im471.tif,0.554,0.292,0.699,0.486,0.251,0.242,0.395,0.412
Im473.tif,0.588,0.404,0.709,0.556,0.318,0.289,0.439,0.456
Im474.tif,0.58,0.24,0.748,0.435,0.129,0.177,0.294,0.387
Im475.tif,,,,,,,,
Im476.tif,0.700251,0.349875,0.893233,0.607519,0.24411,0.309774,0.437093,0.553885
Im477.tif,0.646,0.317,0.895,0.628,0.249,0.28,0.472,0.594
Im478.tif,0.544,0.232,0.767,0.521,0.174,0.2,0.381,0.489
Im482.tif,0.527,0.374,0.68,0.563,0.258,0.23,0.395,0.412
Im483.tif,0.62,0.268,0.745,0.463,0.3,0.257,0.439,0.456
Im486.tif,0.527,0.224,0.702,0.47,0.278,0.217,0.436,0.468
Im487.tif,0.61,0.281,0.782,0.502,0.238,0.201,0.409,0.427
Im489.tif,0.623,0.337,0.76,0.53,0.307,0.228,0.442,0.433
Im490.tif,0.52,0.182,0.736,0.437,0.202,0.114,0.413,0.379
Im491.tif,0.528,0.265,0.696,0.477,0.259,0.182,0.43,0.386
Im492.tif,0.606,0.389,0.762,0.586,0.296,0.317,0.455,0.523
Im498.tif,0.649,0.352,0.837,0.603,0.23,0.161,0.426,0.423
Im499.tif,0.678,0.405,0.86,0.631,0.271,0.304,0.428,0.532
Im500.tif,0.645,0.34,0.83,0.578,0.207,0.262,0.382,0.493
Im501.tif,0.542,0.159,0.718,0.365,0.164,0.119,0.357,0.382
Im502.tif,0.651,0.202,0.829,0.446,0.153,0.194,0.327,0.43
Im503.tif,0.666,0.262,0.846,0.514,0.155,0.206,0.364,0.487
Im504.tif,0.625,0.371,0.803,0.618,0.169,0.208,0.34,0.457
Im505.tif,0.625,0.312,0.758,0.499,0.352,0.214,0.481,0.408
Im506.tif,0.658,0.27,0.825,0.512,0.224,0.192,0.403,0.436
Im507.tif,0.678,0.333,0.871,0.558,0.25,0.286,0.424,0.508
Im508.tif,0.614,0.294,0.788,0.502,0.247,0.257,0.412,0.467
Im509.tif,0.608,0.346,0.756,0.532,0.278,0.271,0.422,0.46
Im513.tif,,,,,,,,
Im514.tif,0.536842,0.220551,0.677193,0.382456,0.294236,0.190476,0.429574,0.360902
Im515.tif,0.585,0.212,0.727,0.392,0.313,0.198,0.446,0.375
Im516.tif,0.534,0.318,0.682,0.485,0.136,0.277,0.296,0.461
Im517.tif,0.632,0.232,0.821,0.457,0.222,0.186,0.387,0.412
Im525.tif,0.666,0.322,0.859,0.574,0.212,0.156,0.403,0.421
Im526.tif,0.684,0.244,0.849,0.461,0.38,0.191,0.525,0.42
Im527.tif,0.61,0.237,0.778,0.451,0.138,0.165,0.305,0.385
Im528.tif,0.594,0.213,0.766,0.441,0.285,0.151,0.458,0.383
Im530.tif,0.662,0.334,0.81,0.528,0.32,0.264,0.466,0.472
Im532.tif,0.525,0.343,0.678,0.56,0.302,0.273,0.466,0.472
Im533.tif,0.569,0.378,0.698,0.57,0.337,0.282,0.46,0.491
Im534.tif,0.538,0.188,0.692,0.43,0.221,0.143,0.406,0.391
Im535.tif,0.611,0.264,0.755,0.449,0.261,0.226,0.402,0.421
Im536.tif,0.557,0.216,0.695,0.407,0.276,0.143,0.411,0.337
Im537.tif,0.547,0.164,0.705,0.382,0.171,0.026,0.351,0.267
Im538.tif,0.635,0.362,0.78,0.553,0.269,0.275,0.407,0.461
Im539.tif,0.468,0.258,0.604,0.454,0.277,0.159,0.429,0.368
Im540.tif,0.709,0.262,0.877,0.467,0.173,0.384,0.333,0.591
Im541.tif,0.694,0.325,0.847,0.513,0.233,0.415,0.394,0.6
Im542.tif,0.601,0.321,0.766,0.522,0.217,0.278,0.383,0.498
Im543.tif,,,,,,,,
Im544.tif,0.657143,0.295238,0.848622,0.53183,0.182456,0.132832,0.369424,0.396491
Im545.tif,0.551,0.352,0.687,0.508,0.29,0.289,0.437,0.462
Im547.tif,,,,,,,,
Im549.tif,0.609023,0.328321,0.78396,0.513784,0.36391,0.237093,0.533333,0.444612
Im550.tif,0.71,0.339,0.861,0.549,0.275,0.282,0.436,0.512
Im551.tif,0.6,0.322,0.79,0.576,0.182,0.233,0.382,0.488
Im552.tif,0.582,0.293,0.751,0.528,0.22,0.19,0.391,0.452
Im553.tif,0.589,0.33,0.763,0.548,0.237,0.291,0.42,0.516
Im554.tif,0.579,0.233,0.791,0.488,0.156,0.15,0.374,0.419
Im555.tif,0.592,0.467,0.764,0.686,0.353,0.386,0.524,0.617
Im557.tif,0.608,0.3,0.761,0.501,0.205,0.304,0.336,0.505
Im558.tif,0.654,0.22,0.849,0.479,0.141,0.204,0.33,0.467
Im559.tif,0.607,0.305,0.79,0.546,0.257,0.261,0.458,0.497
Im560.tif,,,,,,,,
Im561.tif,0.634586,0.219048,0.812531,0.431078,0.345865,0.22807,0.497744,0.459148
Im562.tif,0.56,0.229,0.72,0.409,0.324,0.252,0.47,0.443
Im563.tif,0.635,0.16,0.793,0.36,0.36,0.183,0.496,0.403
Im564.tif,,,,,,,,
Im565.tif,0.533333,0.289724,0.67619,0.478195,0.329323,0.218045,0.471178,0.410025
Im566.tif,0.613,0.387,0.776,0.613,0.368,0.314,0.525,0.529
Im567.tif,0.573,0.333,0.718,0.564,0.274,0.213,0.434,0.438
Im568.tif,,,,,,,,
Im569.tif,0.575439,0.296742,0.752882,0.542857,0.17594,0.231078,0.342857,0.467168
Im571.tif,0.61,0.266,0.812,0.536,0.187,0.331,0.401,0.605
Im572.tif,0.6,0.326,0.76,0.537,0.289,0.314,0.441,0.551
Im573.tif,,,,,,,,
Im574.tif,0.635589,0.358396,0.835589,0.597995,0.254637,0.217544,0.438596,0.480702
Im576.tif,,,,,,,,
Im577.tif,,,,,,,,
Im578.tif,0.602506,0.341855,0.768421,0.545363,0.242105,0.27218,0.389975,0.465664
Im580.tif,0.543,0.212,0.712,0.422,0.183,0.149,0.332,0.34
Im581.tif,0.597,0.237,0.782,0.461,0.231,0.147,0.385,0.367
Im582.tif,0.584,0.382,0.757,0.562,0.268,0.247,0.399,0.433
Im583.tif,0.67,0.326,0.841,0.535,0.32,0.26,0.462,0.455
Im584.tif,,,,,,,,
Im585.tif,0.541855,0.203509,0.740852,0.433083,0.164411,0.138346,0.364912,0.345865
Im588.tif,0.712,0.381,0.877,0.583,0.342,0.298,0.486,0.511
Im589.tif,,,,,,,,
Im590.tif,0.691228,0.368421,0.870175,0.589474,0.302256,0.239098,0.486216,0.480201
Im593.tif,0.597,0.273,0.747,0.479,0.198,0.236,0.371,0.463
Im594.tif,0.517,0.249,0.659,0.436,0.306,0.227,0.435,0.427
Im596.tif,0.542,0.225,0.7,0.41,0.286,0.231,0.451,0.428
Im599.tif,0.535,0.273,0.712,0.491,0.292,0.226,0.449,0.43
Im601.tif,0.629,0.271,0.783,0.454,0.303,0.278,0.448,0.497
Im602.tif,0.667,0.32,0.816,0.522,0.227,0.305,0.388,0.518
Im605.tif,0.484,0.283,0.597,0.418,0.244,0.313,0.349,0.455
Im606.tif,0.654,0.371,0.811,0.565,0.287,0.257,0.43,0.444
Im608.tif,0.528,0.221,0.69,0.426,0.151,0.159,0.297,0.374
Im609.tif,,,,,,,,
Im610.tif,0.607018,0.280201,0.786466,0.514787,0.202506,0.198997,0.367419,0.406516
Im611.tif,0.621,0.336,0.757,0.522,0.272,0.231,0.407,0.422
Im613.tif,0.516,0.225,0.671,0.446,0.17,0.119,0.326,0.325
Im614.tif,0.597,0.29,0.783,0.528,0.256,0.325,0.418,0.551
Im615.tif,,,,,,,,
Im616.tif,0.534837,0.267669,0.677694,0.462657,0.291228,0.250627,0.427569,0.450627
Im617.tif,0.539,0.316,0.713,0.518,0.24,0.29,0.394,0.474
Im620.tif,0.68,0.412,0.835,0.617,0.315,0.358,0.479,0.578
Im624.tif,,,,,,,,
Im628.tif,0.573434,0.18396,0.712782,0.421554,0.239098,0.219048,0.424561,0.437093
Im629.tif,,,,,,,,
Im630.tif,0.525815,0.243609,0.702757,0.476692,0.270175,0.165915,0.440602,0.416541
Im631.tif,0.682,0.321,0.849,0.556,0.225,0.271,0.391,0.506
Im633.tif,0.484,0.261,0.643,0.482,0.117,0.254,0.295,0.488
Im635.tif,0.479,0.261,0.617,0.417,0.223,0.198,0.374,0.402
Im636.tif,0.628,0.334,0.77,0.53,0.255,0.276,0.381,0.463
Im638.tif,0.627,0.308,0.796,0.53,0.337,0.275,0.509,0.502
Im639.tif,0.69,0.277,0.851,0.491,0.345,0.218,0.491,0.428
Im640.tif,0.596,0.367,0.749,0.583,0.338,0.26,0.508,0.489
Im641.tif,0.553,0.339,0.713,0.561,0.28,0.236,0.439,0.468
Im642.tif,0.563,0.311,0.728,0.527,0.307,0.253,0.464,0.479
Im643.tif,0.537,0.153,0.697,0.383,0.207,0.148,0.35,0.363
Im644.tif,0.63,0.252,0.791,0.477,0.293,0.126,0.455,0.355
Im645.tif,0.714,0.277,0.892,0.497,0.261,0.209,0.431,0.444
Im646.tif,0.634,0.201,0.803,0.421,0.186,0.097,0.358,0.336
Im647.tif,0.659,0.198,0.823,0.431,0.151,0.122,0.33,0.366
Im648.tif,0.689,0.362,0.842,0.559,0.281,0.282,0.436,0.478
Im649.tif,0.706,0.401,0.865,0.611,0.269,0.341,0.422,0.565
Im650.tif,0.675,0.359,0.837,0.562,0.243,0.3,0.396,0.513
Im653.tif,0.65,0.316,0.779,0.497,0.264,0.25,0.416,0.461
Im654.tif,0.624,0.339,0.772,0.544,0.361,0.203,0.523,0.421
Im657.tif,0.592,0.361,0.713,0.534,0.289,0.263,0.414,0.44
Im658.tif,0.512,0.308,0.646,0.491,0.273,0.236,0.416,0.423
Im659.tif,0.673,0.355,0.808,0.528,0.352,0.386,0.493,0.554
Im661.tif,,,,,,,,
Im663.tif,0.653634,0.306266,0.866667,0.582456,0.13183,0.059148,0.367419,0.340351
Im664.tif,0.596,0.356,0.738,0.545,0.298,0.238,0.448,0.422
Im665.tif,0.565,0.244,0.777,0.521,0.24,0.215,0.459,0.534
Im666.tif,0.612,0.225,0.811,0.469,0.241,0.063,0.43,0.275
Im667.tif,,,,,,,,
Im668.tif,0.561905,0.152882,0.793985,0.42406,0.064662,0.139348,0.321303,0.455138
Im669.tif,0.544,0.323,0.694,0.509,0.212,0.25,0.36,0.439
Im671.tif,0.56,0.209,0.735,0.432,0.134,0.149,0.301,0.382
Im674.tif,0.668,0.304,0.843,0.532,0.176,0.192,0.373,0.428
Im675.tif,0.509,0.194,0.653,0.405,0.262,0.129,0.422,0.363
Im676.tif,0.588,0.435,0.779,0.682,0.245,0.363,0.448,0.603
Im677.tif,0.626,0.33,0.743,0.545,0.305,0.353,0.431,0.557
Im679.tif,0.624,0.256,0.764,0.458,0.219,0.225,0.37,0.427
Im680.tif,0.617,0.273,0.756,0.474,0.238,0.274,0.4,0.465
Im681.tif,0.619,0.315,0.763,0.526,0.232,0.248,0.392,0.458
Im682.tif,0.6,0.279,0.774,0.494,0.21,0.242,0.403,0.47
Im683.tif,0.586,0.237,0.77,0.441,0.156,0.164,0.347,0.367
Im684.tif,0.527,0.215,0.713,0.442,0.233,0.192,0.42,0.412
Im687.tif,,,,,,,,
Im688.tif,0.593985,0.324812,0.753885,0.507769,0.242607,0.298747,0.378446,0.489223
Im690.tif,0.622,0.306,0.788,0.519,0.228,0.261,0.394,0.475
Im691.tif,0.537,0.308,0.729,0.56,0.22,0.184,0.417,0.453
Im692.tif,0.71,0.358,0.875,0.582,0.264,0.301,0.425,0.54
Im693.tif,,,,,,,,
Im694.tif,0.610025,0.318797,0.794486,0.54386,0.19198,0.352882,0.372431,0.582957
Im695.tif,0.627,0.283,0.768,0.482,0.231,0.307,0.375,0.513
Im696.tif,0.674,0.327,0.835,0.533,0.28,0.348,0.439,0.561
Im697.tif,0.575,0.282,0.727,0.481,0.169,0.262,0.325,0.459
Im699.tif,0.551,0.296,0.72,0.529,0.318,0.19,0.49,0.445
Im700.tif,0.628,0.29,0.788,0.491,0.206,0.362,0.369,0.569
Im702.tif,0.558,0.214,0.727,0.432,0.248,0.174,0.423,0.409
Im706.tif,0.563,0.155,0.738,0.363,0.145,0.206,0.303,0.418
Im707.tif,0.606,0.307,0.752,0.495,0.242,0.31,0.381,0.494
Im709.tif,0.59,0.365,0.768,0.578,0.337,0.262,0.52,0.482
Im712.tif,0.631,0.312,0.78,0.502,0.309,0.236,0.468,0.425
Im713.tif,,,,,,,,
Im714.tif,0.71,0.323,0.903,0.57,0.325,0.211,0.509,0.448
Im715.tif,0.705,0.413,0.895,0.674,0.324,0.392,0.498,0.64
Im716.tif,,,,,,,,
Im717.tif,0.642607,0.215539,0.864662,0.488221,0.129825,0.17193,0.328321,0.459148
Im718.tif,0.542,0.291,0.708,0.488,0.256,0.272,0.387,0.471
Im719.tif,0.687,0.344,0.891,0.589,0.225,0.27,0.418,0.525
Im721.tif,0.614,0.376,0.771,0.56,0.235,0.315,0.388,0.544
Im722.tif,0.536,0.255,0.673,0.414,0.263,0.237,0.381,0.401
Im724.tif,0.56,0.351,0.705,0.579,0.337,0.288,0.452,0.446
Im725.tif,0.577,0.188,0.723,0.422,0.152,0.068,0.328,0.291
Im726.tif,0.53,0.33,0.702,0.552,0.293,0.26,0.446,0.483
Im727.tif,0.509,0.265,0.714,0.53,0.224,0.181,0.415,0.449
Im728.tif,0.591,0.3,0.746,0.521,0.23,0.302,0.377,0.526
Im729.tif,0.62,0.317,0.773,0.507,0.271,0.27,0.431,0.463
Im731.tif,0.554,0.248,0.746,0.485,0.187,0.212,0.407,0.5
Im732.tif,0.574,0.301,0.751,0.516,0.179,0.32,0.337,0.534
Im733.tif,0.582,0.257,0.757,0.472,0.202,0.262,0.41,0.488
Im734.tif,0.555,0.278,0.711,0.48,0.244,0.241,0.417,0.495
Im736.tif,0.64,0.351,0.813,0.566,0.233,0.339,0.393,0.567
Im737.tif,0.615,0.385,0.756,0.58,0.295,0.327,0.425,0.531
Im738.tif,,,,,,,,
Im739.tif,0.485213,0.233083,0.645614,0.445614,0.232581,0.255138,0.423058,0.477694
Im741.tif,0.504,0.151,0.675,0.359,0.255,0.07,0.424,0.284
Im742.tif,0.546,0.246,0.683,0.441,0.246,0.169,0.38,0.351
Im743.tif,0.578,0.239,0.782,0.481,0.302,0.251,0.47,0.5
Im747.tif,0.647,0.38,0.809,0.532,0.221,0.24,0.372,0.399
Im748.tif,0.611,0.263,0.757,0.433,0.11,0.142,0.271,0.312
Im750.tif,,,,,,,,
Im751.tif,0.502757,0.271178,0.702256,0.505263,0.186466,0.320301,0.385965,0.560902
Im752.tif,0.551,0.346,0.687,0.538,0.28,0.268,0.441,0.466
Im753.tif,0.497,0.188,0.67,0.405,0.227,0.173,0.409,0.386
Im754.tif,0.6,0.264,0.771,0.459,0.284,0.278,0.476,0.481
Im755.tif,0.55,0.321,0.706,0.544,0.216,0.172,0.372,0.38
Im756.tif,0.569,0.388,0.711,0.596,0.285,0.279,0.427,0.483
Im757.tif,0.621,0.41,0.767,0.618,0.264,0.319,0.413,0.522
Im758.tif,0.627,0.269,0.823,0.519,0.16,0.275,0.362,0.527
Im759.tif,0.625,0.25,0.847,0.519,0.096,0.258,0.307,0.534
Im760.tif,0.562,0.22,0.79,0.506,0.112,0.174,0.338,0.451
Im761.tif,0.558,0.168,0.808,0.45,0.146,0.181,0.387,0.479
Im762.tif,0.495,0.263,0.691,0.517,0.122,0.309,0.307,0.539
Im764.tif,0.617,0.296,0.761,0.46,0.344,0.284,0.482,0.469
Im765.tif,0.573,0.292,0.708,0.463,0.324,0.225,0.458,0.4
Im768.tif,0.639,0.191,0.816,0.428,0.224,0.234,0.409,0.456
Im769.tif,,,,,,,,
Im770.tif,0.580952,0.352381,0.725313,0.54787,0.292732,0.23609,0.470677,0.475689
Im772.tif,0.617,0.402,0.775,0.602,0.251,0.281,0.384,0.477
Im773.tif,0.514,0.113,0.646,0.289,0.285,0.185,0.411,0.37
Im774.tif,0.578,0.316,0.751,0.521,0.239,0.344,0.397,0.569
Im776.tif,0.617,0.397,0.787,0.612,0.22,0.321,0.384,0.559
Im777.tif,0.606,0.352,0.756,0.562,0.16,0.288,0.322,0.502
Im778.tif,0.63,0.286,0.842,0.545,0.203,0.256,0.388,0.515
Im779.tif,0.589,0.266,0.758,0.492,0.137,0.179,0.313,0.403
Im780.tif,0.565,0.206,0.739,0.424,0.147,0.148,0.308,0.374
Im781.tif,0.644,0.298,0.806,0.502,0.195,0.315,0.351,0.501
Im782.tif,0.671,0.265,0.855,0.497,0.115,0.244,0.295,0.475
Im792.tif,0.451,0.21,0.654,0.503,0.174,0.179,0.366,0.431
Im793.tif,0.61,0.4,0.793,0.626,0.198,0.337,0.369,0.565
Im794.tif,0.732,0.362,0.916,0.618,0.264,0.305,0.463,0.587
Im795.tif,0.698,0.402,0.868,0.62,0.332,0.294,0.494,0.516
Im796.tif,0.572,0.287,0.758,0.545,0.267,0.174,0.469,0.448
Im799.tif,0.549,0.306,0.702,0.483,0.303,0.282,0.462,0.454
Im800.tif,0.555,0.288,0.726,0.516,0.255,0.251,0.433,0.487
Im801.tif,0.607,0.365,0.769,0.57,0.328,0.286,0.47,0.479
Im802.tif,0.671,0.481,0.829,0.694,0.348,0.323,0.528,0.542
Im803.tif,0.632,0.302,0.79,0.485,0.295,0.269,0.448,0.471
Im804.tif,0.492,0.244,0.662,0.459,0.234,0.17,0.405,0.407
Im805.tif,0.513,0.295,0.699,0.511,0.28,0.229,0.458,0.459
Im808.tif,0.65,0.282,0.839,0.551,0.201,0.16,0.395,0.441
Im812.tif,0.58,0.247,0.754,0.48,0.209,0.238,0.384,0.472
Im813.tif,0.534,0.212,0.679,0.407,0.196,0.233,0.335,0.426
Im814.tif,0.725,0.368,0.897,0.574,0.394,0.305,0.549,0.521
Im815.tif,0.661,0.317,0.82,0.54,0.233,0.282,0.397,0.513
Im816.tif,0.551,0.235,0.692,0.422,0.202,0.263,0.341,0.458
Im817.tif,0.547,0.31,0.739,0.564,0.254,0.237,0.438,0.495
Im818.tif,0.577,0.283,0.747,0.514,0.27,0.279,0.46,0.515
Im819.tif,0.567,0.233,0.74,0.466,0.232,0.19,0.422,0.463
Im820.tif,0.621,0.341,0.779,0.554,0.339,0.321,0.507,0.549
Im821.tif,0.56,0.194,0.738,0.423,0.129,0.234,0.302,0.467
Im822.tif,0.567,0.296,0.765,0.57,0.302,0.231,0.504,0.514
Im823.tif,0.666,0.392,0.822,0.589,0.352,0.278,0.536,0.494
Im824.tif,,,,,,,,
Im825.tif,0.67218,0.405013,0.829073,0.620551,0.253133,0.381454,0.417043,0.590476
Im826.tif,0.695,0.448,0.861,0.667,0.273,0.408,0.439,0.631
Im827.tif,0.61,0.267,0.785,0.518,0.209,0.169,0.388,0.417
Im828.tif,0.588,0.199,0.75,0.416,0.26,0.133,0.418,0.346
Im829.tif,0.656,0.431,0.82,0.646,0.241,0.292,0.41,0.513
Im832.tif,,,,,,,,
Im833.tif,0.605013,0.329323,0.79599,0.57995,0.147368,0.371429,0.352381,0.640602
Im834.tif,0.551,0.302,0.713,0.503,0.297,0.27,0.471,0.464
Im835.tif,,,,,,,,
Im836.tif,0.568922,0.285714,0.730827,0.491729,0.328822,0.214536,0.493734,0.422055
Im837.tif,0.519,0.217,0.689,0.41,0.224,0.163,0.409,0.376
Im838.tif,0.463,0.221,0.615,0.417,0.194,0.147,0.347,0.339
Im839.tif,0.598,0.367,0.74,0.563,0.284,0.213,0.441,0.41
Im840.tif,0.6,0.318,0.735,0.489,0.373,0.284,0.509,0.452
Im843.tif,,,,,,,,
Im844.tif,0.725313,0.298747,0.914286,0.53985,0.149875,0.198496,0.354887,0.455639
Im845.tif,0.688,0.353,0.818,0.545,0.385,0.321,0.538,0.512
Im848.tif,0.6,0.366,0.747,0.56,0.228,0.318,0.375,0.519
Im849.tif,0.679,0.423,0.841,0.642,0.276,0.375,0.438,0.601
Im850.tif,0.694,0.326,0.838,0.51,0.325,0.265,0.484,0.468
Im851.tif,0.633,0.341,0.81,0.559,0.241,0.256,0.41,0.494
Im852.tif,0.537,0.261,0.717,0.482,0.238,0.139,0.419,0.374
Im854.tif,0.684,0.253,0.881,0.476,0.166,0.133,0.369,0.441
Im856.tif,0.55,0.322,0.724,0.547,0.253,0.186,0.432,0.436
Im857.tif,0.561,0.351,0.761,0.621,0.299,0.249,0.487,0.515
Im859.tif,0.508,0.32,0.67,0.501,0.277,0.216,0.431,0.386
Im861.tif,0.648,0.274,0.802,0.459,0.219,0.188,0.379,0.391
Im863.tif,0.513,0.124,0.676,0.302,0.122,0.143,0.27,0.358
Im866.tif,0.662,0.269,0.842,0.507,0.229,0.243,0.407,0.487
Im868.tif,0.527,0.242,0.697,0.459,0.293,0.105,0.436,0.295
Im869.tif,,,,,,,,
Im874.tif,0.618546,0.285714,0.796491,0.510777,0.231579,0.287719,0.410526,0.521805
Im875.tif,0.687,0.356,0.86,0.566,0.348,0.278,0.516,0.501
Im876.tif,0.656,0.386,0.823,0.587,0.258,0.308,0.417,0.528
Im877.tif,0.538,0.261,0.692,0.483,0.264,0.198,0.437,0.425
Im879.tif,0.601,0.237,0.758,0.434,0.29,0.237,0.442,0.461
Im880.tif,0.578,0.325,0.693,0.498,0.244,0.253,0.381,0.444
Im881.tif,0.517,0.232,0.676,0.452,0.271,0.154,0.443,0.378
Im883.tif,0.635,0.277,0.809,0.497,0.248,0.177,0.443,0.413
Im884.tif,0.623,0.247,0.803,0.453,0.276,0.236,0.446,0.432
Im885.tif,0.503,0.165,0.69,0.398,0.165,0.169,0.349,0.393
Im887.tif,0.568,0.25,0.732,0.461,0.327,0.136,0.473,0.349
Im888.tif,0.609,0.341,0.744,0.516,0.288,0.275,0.422,0.458
Im890.tif,,,,,,,,
Im892.tif,0.680702,0.37193,0.879198,0.592982,0.19599,0.331328,0.372431,0.57995
Im894.tif,0.635,0.402,0.792,0.598,0.257,0.35,0.423,0.537
Im895.tif,0.606,0.316,0.77,0.534,0.209,0.332,0.38,0.558
Im897.tif,0.55,0.222,0.701,0.465,0.182,0.105,0.353,0.34
Im901.tif,0.567,0.222,0.755,0.469,0.133,0.159,0.318,0.422
Im902.tif,0.609,0.326,0.754,0.523,0.215,0.287,0.373,0.503
Im903.tif,0.61,0.333,0.765,0.528,0.246,0.268,0.398,0.475
Im904.tif,,,,,,,,
Im906.tif,0.66817,0.393484,0.872682,0.603008,0.304762,0.323308,0.502256,0.552381
Im907.tif,0.508,0.214,0.668,0.451,0.249,0.179,0.432,0.438
Im908.tif,0.586,0.328,0.748,0.555,0.354,0.3,0.519,0.543
Im909.tif,0.517,0.216,0.685,0.444,0.261,0.21,0.423,0.453
Im910.tif,0.597,0.436,0.75,0.65,0.355,0.317,0.501,0.546
Im911.tif,0.575,0.297,0.814,0.583,0.216,0.159,0.444,0.42
Im912.tif,0.634,0.395,0.808,0.607,0.234,0.3,0.397,0.517
Im915.tif,0.569,0.33,0.724,0.555,0.252,0.117,0.431,0.352
Im916.tif,0.666,0.317,0.887,0.576,0.151,0.267,0.366,0.545
Im917.tif,0.495,0.19,0.647,0.388,0.291,0.172,0.454,0.4
Im919.tif,0.613,0.333,0.8,0.544,0.213,0.256,0.379,0.494
Im921.tif,,,,,,,,
Im924.tif,0.58396,0.222055,0.719799,0.413033,0.389474,0.235088,0.527318,0.439098
Im926.tif,0.546,0.275,0.731,0.493,0.249,0.267,0.423,0.473
Im927.tif,0.65,0.289,0.81,0.501,0.223,0.257,0.382,0.482
Im929.tif,0.556,0.288,0.681,0.464,0.272,0.226,0.404,0.414
Im932.tif,0.558,0.317,0.709,0.518,0.226,0.209,0.362,0.401
Im935.tif,0.591,0.185,0.78,0.408,0.287,0.16,0.475,0.394
Im936.tif,0.566,0.34,0.703,0.527,0.318,0.327,0.463,0.518
Im937.tif,0.622,0.305,0.807,0.527,0.199,0.215,0.408,0.452
Im938.tif,0.637,0.289,0.817,0.519,0.17,0.245,0.351,0.489
Im939.tif,0.581,0.242,0.756,0.476,0.349,0.169,0.523,0.408
Im941.tif,0.633,0.333,0.851,0.597,0.085,0.232,0.309,0.494
Im942.tif,0.645,0.323,0.808,0.531,0.209,0.294,0.37,0.509
Im943.tif,0.583,0.254,0.729,0.446,0.239,0.248,0.391,0.44
Im944.tif,0.622,0.36,0.784,0.569,0.339,0.373,0.499,0.574
Im945.tif,0.535,0.257,0.744,0.492,0.248,0.263,0.452,0.519
Im947.tif,0.707,0.37,0.853,0.564,0.273,0.269,0.443,0.495
Im951.tif,0.683,0.375,0.82,0.57,0.318,0.324,0.459,0.525
Im952.tif,0.608,0.311,0.741,0.487,0.249,0.249,0.385,0.399
Im953.tif,0.596,0.274,0.75,0.476,0.251,0.218,0.398,0.432
Im957.tif,0.579,0.327,0.701,0.481,0.28,0.328,0.405,0.46
Im959.tif,,,,,,,,
Im960.tif,0.600501,0.273183,0.785965,0.498747,0.209524,0.2,0.37594,0.441604
Im961.tif,,,,,,,,
Im962.tif,0.591479,0.254637,0.822556,0.490727,0.199499,0.234586,0.419048,0.489223
Im963.tif,0.533,0.26,0.678,0.445,0.195,0.133,0.327,0.333
Im964.tif,0.6,0.333,0.778,0.582,0.266,0.29,0.414,0.499
Im966.tif,0.56,0.366,0.712,0.539,0.243,0.268,0.374,0.461
Im967.tif,0.637,0.291,0.792,0.481,0.257,0.233,0.403,0.423
Im969.tif,0.557,0.296,0.699,0.48,0.248,0.219,0.387,0.411
Im970.tif,0.703,0.354,0.852,0.53,0.308,0.3,0.461,0.487
Im971.tif,,,,,,,,
Im972.tif,0.665664,0.372431,0.846115,0.587469,0.315288,0.324812,0.461654,0.511278
Im973.tif,0.634,0.367,0.783,0.559,0.275,0.269,0.414,0.463
Im974.tif,0.549,0.189,0.685,0.372,0.279,0.164,0.428,0.332
Im975.tif,0.53985,0.114286,0.711278,0.344361,0.272682,0.125815,0.44812,0.365915
Im976.tif,0.569,0.224,0.703,0.403,0.345,0.22,0.462,0.399
Im977.tif,0.633,0.353,0.789,0.556,0.213,0.293,0.374,0.508
Im980.tif,0.605,0.193,0.802,0.458,0.142,0.175,0.369,0.43
Im982.tif,,,,,,,,
Im984.tif,0.532331,0.294236,0.752882,0.580952,0.23609,0.138847,0.430576,0.390476
Im985.tif,0.633,0.265,0.815,0.485,0.214,0.302,0.388,0.524
Im986.tif,0.595,0.322,0.757,0.533,0.158,0.198,0.323,0.411
Im988.tif,0.613,0.376,0.793,0.587,0.206,0.267,0.368,0.486
Im989.tif,0.617,0.386,0.813,0.636,0.194,0.266,0.383,0.519
Im991.tif,0.655,0.204,0.837,0.41,0.264,0.234,0.431,0.459
Im992.tif,,,,,,,,
Im993.tif,0.583459,0.334336,0.758396,0.552381,0.126316,0.257644,0.309774,0.485213
Im994.tif,0.603,0.355,0.771,0.576,0.266,0.235,0.439,0.463
Im995.tif,,,,,,,,
Im998.tif,0.542857,0.60401,0.724812,0.821554,0.27218,0.689223,0.431078,0.886717
Im999.tif,0.625,0.236,0.781,0.454,0.212,0.188,0.362,0.409
Im1002.tif,0.686,0.271,0.857,0.493,0.291,0.137,0.467,0.39
Im1003.tif,0.545,0.276,0.681,0.461,0.269,0.203,0.41,0.391
Im1004.tif,,,,,,,,
Im1005.tif,0.581454,0.210025,0.761905,0.424561,0.125313,0.125313,0.298246,0.33985
Im1006.tif,0.665,0.385,0.808,0.566,0.322,0.347,0.474,0.542
Im1008.tif,0.666,0.233,0.829,0.443,0.212,0.212,0.373,0.439
Im1010.tif,0.526,0.227,0.67,0.426,0.25,0.122,0.411,0.34
Im1011.tif,0.593,0.304,0.76,0.526,0.235,0.255,0.406,0.493
Im1012.tif,0.588,0.239,0.767,0.455,0.262,0.196,0.429,0.423
Im1013.tif,0.634,0.332,0.808,0.554,0.287,0.239,0.47,0.47
Im1014.tif,0.593,0.296,0.784,0.54,0.219,0.18,0.411,0.435
Im1015.tif,0.564,0.231,0.727,0.439,0.247,0.141,0.435,0.356
Im1016.tif,0.619,0.345,0.781,0.545,0.299,0.221,0.484,0.445
Im1017.tif,0.545,0.209,0.717,0.425,0.181,0.173,0.344,0.391
Im1018.tif,,,,,,,,
Im1019.tif,0.571429,0.421554,0.757895,0.67218,0.363409,0.209524,0.521303,0.437093
Im1022.tif,0.698,0.294,0.847,0.486,0.182,0.224,0.345,0.431
Im1023.tif,0.612,0.291,0.784,0.503,0.249,0.23,0.414,0.448
Im1024.tif,0.694,0.416,0.856,0.611,0.329,0.314,0.481,0.522
Im1026.tif,0.549,0.38,0.72,0.596,0.124,0.287,0.299,0.525
Im1027.tif,,,,,,,,
Im1031.tif,0.586,0.258,0.75,0.464,0.263,0.24,0.407,0.446
Im1032.tif,0.637,0.327,0.802,0.559,0.332,0.31,0.495,0.559
Im1033.tif,,,,,,,,
Im1034.tif,0.578947,0.358897,0.764411,0.563409,0.301253,0.336842,0.473183,0.565414
Im1035.tif,0.599,0.244,0.786,0.491,0.343,0.227,0.512,0.469
Im1043.tif,0.665,0.225,0.87,0.455,0.296,0.211,0.475,0.46
Im1044.tif,0.664,0.257,0.829,0.469,0.276,0.216,0.442,0.446
Im1045.tif,0.614,0.332,0.769,0.526,0.207,0.287,0.36,0.482
Im1048.tif,0.53,0.229,0.722,0.463,0.158,0.142,0.341,0.391
Im1049.tif,0.636,0.148,0.823,0.376,0.14,0.069,0.342,0.318
Im1050.tif,0.56,0.24,0.712,0.433,0.283,0.239,0.449,0.414
Im1052.tif,0.607,0.303,0.754,0.502,0.302,0.201,0.453,0.413
Im1053.tif,0.552,0.326,0.732,0.569,0.12,0.241,0.301,0.496
Im1055.tif,,,,,,,,
Im1061.tif,0.667669,0.398997,0.847118,0.625063,0.241604,0.345363,0.437093,0.590977
Im1063.tif,0.63,0.413,0.802,0.643,0.209,0.294,0.372,0.541
Im1064.tif,0.641,0.436,0.812,0.66,0.215,0.287,0.38,0.509
Im1065.tif,0.609,0.268,0.777,0.498,0.173,0.239,0.347,0.485
Im1066.tif,0.632,0.409,0.794,0.657,0.359,0.351,0.543,0.61
Im1067.tif,0.597,0.142,0.776,0.372,0.299,0.124,0.468,0.357
Im1071.tif,,,,,,,,
Im1077.tif,0.706767,0.279198,0.913283,0.545865,0.165414,0.280201,0.3599,0.541353
Im1078.tif,0.688,0.311,0.879,0.556,0.187,0.307,0.371,0.556
Im1079.tif,0.545,0.308,0.74,0.555,0.134,0.239,0.3,0.496
Im1080.tif,0.597,0.373,0.792,0.606,0.169,0.345,0.336,0.594
Im1081.tif,0.546,0.307,0.747,0.549,0.154,0.333,0.327,0.598
Im1082.tif,0.558,0.283,0.734,0.502,0.184,0.291,0.343,0.512
Im1083.tif,0.607,0.209,0.841,0.495,0.066,0.239,0.27,0.534
Im1085.tif,0.611,0.239,0.829,0.508,0.117,0.245,0.31,0.531
Im1087.tif,0.626,0.333,0.827,0.578,0.163,0.297,0.351,0.525
Im1088.tif,,,,,,,,
Im1089.tif,0.566917,0.244612,0.78797,0.504261,0.13985,0.226566,0.327318,0.493233
Im1090.tif,0.638,0.211,0.843,0.472,0.095,0.12,0.294,0.399
Im1091.tif,0.631,0.344,0.813,0.576,0.188,0.269,0.37,0.483
Im1093.tif,0.549,0.247,0.768,0.505,0.127,0.238,0.331,0.498
Im1095.tif,0.606,0.267,0.815,0.514,0.129,0.261,0.303,0.523
Im1096.tif,0.57,0.237,0.745,0.464,0.151,0.197,0.308,0.427
Im1097.tif,,,,,,,,
Im1098.tif,0.62005,0.27218,0.782456,0.478697,0.307268,0.230075,0.495739,0.478697
Im1099.tif,0.638,0.297,0.803,0.503,0.286,0.294,0.464,0.506
Im1100.tif,0.642,0.233,0.818,0.489,0.191,0.192,0.379,0.454
Im1101.tif,0.652,0.27,0.842,0.518,0.252,0.221,0.43,0.436
Im1103.tif,,,,,,,,
Im1106.tif,0.563409,0.236591,0.757393,0.464662,0.266165,0.18396,0.457644,0.428571
Im1107.tif,0.568,0.272,0.719,0.458,0.33,0.22,0.498,0.421
Im1108.tif,0.662,0.323,0.842,0.553,0.275,0.246,0.466,0.488
Im1111.tif,0.701,0.416,0.886,0.639,0.325,0.379,0.493,0.608
Im1113.tif,0.576,0.339,0.754,0.578,0.287,0.417,0.46,0.669
Im1114.tif,0.566,0.312,0.743,0.542,0.124,0.232,0.312,0.489
Im1117.tif,0.575,0.341,0.705,0.532,0.326,0.255,0.482,0.449
Im1118.tif,0.553,0.279,0.69,0.47,0.299,0.204,0.464,0.421
Im1119.tif,0.521,0.336,0.665,0.523,0.278,0.3,0.435,0.497
Im1120.tif,0.561,0.264,0.726,0.476,0.188,0.19,0.354,0.405
Im1121.tif,0.52,0.244,0.694,0.467,0.126,0.199,0.295,0.429
Im1122.tif,0.565,0.26,0.748,0.501,0.31,0.194,0.475,0.446
Im1123.tif,,,,,,,,
Im1124.tif,0.489724,0.255138,0.724812,0.539348,0.173434,0.258145,0.405514,0.532331
Im1128.tif,0.646,0.329,0.829,0.557,0.332,0.261,0.503,0.494
Im1129.tif,0.623,0.242,0.848,0.524,0.217,0.167,0.439,0.466
Im1130.tif,0.539,0.226,0.678,0.414,0.232,0.141,0.362,0.305
Im1131.tif,0.684,0.377,0.873,0.63,0.223,0.266,0.412,0.506
Im1132.tif,0.481,0.314,0.667,0.553,0.227,0.27,0.388,0.508
Im1133.tif,0.699,0.351,0.86,0.55,0.323,0.261,0.496,0.478
Im1134.tif,,,,,,,,
Im1135.tif,0.653133,0.372932,0.843609,0.596491,0.306266,0.344361,0.497744,0.623559
Im1139.tif,,,,,,,,
Im1140.tif,0.573434,0.198496,0.784962,0.449624,0.166917,0.189975,0.349373,0.423559
Im1141.tif,0.495,0.242,0.661,0.446,0.18,0.153,0.356,0.368
Im1145.tif,0.645,0.292,0.845,0.535,0.164,0.187,0.359,0.457
Im1146.tif,0.587,0.243,0.758,0.441,0.33,0.257,0.481,0.442
Im1148.tif,0.518,0.271,0.695,0.518,0.192,0.187,0.375,0.441
Im1149.tif,0.571,0.304,0.789,0.588,0.236,0.199,0.406,0.435
Im1150.tif,0.564,0.177,0.731,0.379,0.097,0.21,0.249,0.399
Im1151.tif,0.638,0.216,0.796,0.422,0.285,0.112,0.451,0.335
Im1152.tif,0.596,0.235,0.796,0.481,0.094,0.195,0.278,0.441
Im1153.tif,0.549,0.435,0.697,0.638,0.214,0.423,0.371,0.624
Im1154.tif,,,,,,,,
Im1155.tif,0.715288,0.287218,0.957393,0.554386,0.239599,0.123308,0.437594,0.364912
Im1158.tif,,,,,,,,
Im1160.tif,0.663,0.392,0.812,0.581,0.285,0.308,0.456,0.518
Im1161.tif,0.721,0.305,0.917,0.55,0.205,0.252,0.389,0.509
Im1162.tif,0.678,0.35,0.873,0.592,0.174,0.209,0.347,0.484
Im1163.tif,0.621,0.279,0.825,0.53,0.154,0.2,0.341,0.468
Im1164.tif,0.672,0.282,0.862,0.513,0.186,0.192,0.373,0.442
Im1165.tif,0.642,0.36,0.782,0.541,0.292,0.234,0.438,0.42
Im1167.tif,0.551,0.269,0.741,0.511,0.251,0.249,0.447,0.504
Im1168.tif,0.503,0.167,0.703,0.419,0.187,0.152,0.413,0.428
Im1169.tif,0.612,0.341,0.782,0.568,0.314,0.252,0.523,0.546
Im1170.tif,0.549,0.335,0.719,0.541,0.195,0.294,0.368,0.511
Im1171.tif,0.638,0.377,0.764,0.526,0.32,0.302,0.45,0.456
Im1173.tif,0.625,0.356,0.788,0.576,0.201,0.232,0.384,0.486
Im1174.tif,0.616,0.232,0.789,0.455,0.251,0.14,0.423,0.369
Im1175.tif,,,,,,,,
Im1176.tif,0.724311,0.415539,0.926817,0.653634,0.33183,0.316792,0.539348,0.541855
Im1177.tif,0.64,0.274,0.809,0.499,0.209,0.226,0.387,0.467
Im1179.tif,0.577,0.347,0.711,0.523,0.196,0.319,0.351,0.492
Im1180.tif,0.583,0.241,0.729,0.434,0.24,0.167,0.419,0.378
Im1181.tif,0.669,0.262,0.822,0.47,0.251,0.237,0.4,0.41
Im1183.tif,,,,,,,,
Im1184.tif,0.661654,0.273183,0.867168,0.535338,0.21203,0.273183,0.412531,0.560902
Im1188.tif,0.613,0.333,0.762,0.519,0.215,0.228,0.366,0.429
Im1189.tif,0.561,0.33,0.715,0.506,0.181,0.297,0.339,0.493
Im1190.tif,0.678,0.462,0.827,0.651,0.331,0.388,0.487,0.584
Im1193.tif,0.596,0.286,0.775,0.503,0.245,0.198,0.419,0.422
Im1194.tif,0.595,0.319,0.758,0.544,0.2,0.257,0.352,0.479
Im1196.tif,0.603,0.277,0.749,0.459,0.235,0.241,0.376,0.431
Im1198.tif,0.53,0.236,0.698,0.407,0.215,0.185,0.368,0.379
Im1199.tif,0.624,0.395,0.75,0.535,0.274,0.288,0.401,0.457
Im1200.tif,0.65,0.335,0.817,0.556,0.289,0.236,0.466,0.455
Im1201.tif,0.612,0.318,0.739,0.486,0.335,0.275,0.468,0.426
Im1202.tif,0.59,0.248,0.729,0.429,0.219,0.151,0.356,0.332
Im1205.tif,0.688,0.334,0.892,0.58,0.233,0.289,0.44,0.559
Im1206.tif,0.572,0.242,0.733,0.438,0.262,0.22,0.432,0.426
Im1208.tif,0.654,0.357,0.79,0.542,0.348,0.33,0.494,0.522
Im1209.tif,0.696,0.438,0.858,0.677,0.329,0.295,0.509,0.535
Im1210.tif,0.632,0.278,0.779,0.466,0.247,0.284,0.406,0.474
Im1211.tif,0.54,0.228,0.703,0.434,0.176,0.208,0.318,0.41
Im1212.tif,0.567,0.218,0.733,0.424,0.174,0.167,0.337,0.387
Im1213.tif,0.531,0.293,0.712,0.542,0.223,0.233,0.413,0.485
Im1214.tif,0.656,0.402,0.813,0.598,0.258,0.31,0.421,0.52
Im1215.tif,0.657,0.363,0.826,0.581,0.324,0.305,0.532,0.537
Im1216.tif,0.486,0.316,0.654,0.527,0.254,0.248,0.421,0.464
Im1217.tif,0.532,0.317,0.716,0.554,0.271,0.246,0.46,0.495
Im1218.tif,0.663,0.273,0.814,0.468,0.27,0.237,0.446,0.452
Im1219.tif,0.637,0.413,0.825,0.659,0.34,0.33,0.533,0.584
Im1220.tif,0.549,0.454,0.753,0.723,0.268,0.292,0.468,0.566
Im1223.tif,0.516,0.173,0.7,0.397,0.211,0.097,0.398,0.333
Im1230.tif,0.618,0.35,0.791,0.578,0.207,0.311,0.384,0.559
Im1231.tif,0.641,0.314,0.782,0.472,0.258,0.304,0.39,0.474
Im1232.tif,0.604,0.186,0.801,0.4,0.186,0.135,0.355,0.367
Im1234.tif,,,,,,,,
Im1235.tif,0.682206,0.314787,0.858647,0.546366,0.284712,0.297744,0.451128,0.533835
Im1236.tif,0.723,0.294,0.908,0.496,0.384,0.321,0.556,0.548
Im1237.tif,,,,,,,,
Im1238.tif,0.598496,0.267168,0.757895,0.513784,0.274185,0.182957,0.463158,0.445614
Im1239.tif,0.552,0.227,0.714,0.425,0.221,0.132,0.388,0.34
Im1240.tif,0.595,0.286,0.779,0.485,0.289,0.333,0.459,0.53
Im1242.tif,0.56,0.319,0.709,0.486,0.287,0.226,0.432,0.408
Im1243.tif,0.546,0.272,0.715,0.497,0.262,0.227,0.427,0.451
Im1244.tif,0.598,0.319,0.767,0.543,0.284,0.232,0.464,0.469
Im1245.tif,,,,,,,,
Im1246.tif,0.635088,0.300752,0.819048,0.507769,0.323308,0.258145,0.491729,0.486717
Im1247.tif,0.625,0.2,0.812,0.429,0.274,0.198,0.464,0.441
Im1248.tif,0.606,0.181,0.827,0.455,0.117,0.258,0.334,0.525
Im1249.tif,0.64,0.238,0.852,0.508,0.144,0.291,0.356,0.555
Im1250.tif,0.671,0.45,0.821,0.655,0.365,0.343,0.52,0.561
Im1251.tif,0.604,0.341,0.748,0.537,0.278,0.265,0.43,0.472
Im1252.tif,0.611,0.299,0.769,0.51,0.231,0.249,0.396,0.469
Im1253.tif,,,,,,,,
Im1255.tif,0.577444,0.253634,0.750877,0.469674,0.227068,0.220551,0.376441,0.446115
Im1257.tif,0.64,0.353,0.83,0.604,0.213,0.212,0.406,0.445
Im1258.tif,,,,,,,,
Im1261.tif,0.533835,0.309273,0.720802,0.504261,0.310276,0.25213,0.468672,0.468672
Im1265.tif,0.505,0.277,0.673,0.486,0.226,0.224,0.387,0.428
Im1268.tif,0.616,0.348,0.79,0.594,0.281,0.342,0.445,0.595
Im1269.tif,0.69,0.351,0.867,0.554,0.308,0.276,0.466,0.493
Im1270.tif,0.53,0.224,0.69,0.439,0.177,0.141,0.351,0.375
Im1271.tif,0.529,0.386,0.677,0.592,0.237,0.32,0.395,0.522
Im1272.tif,0.615,0.112,0.812,0.365,0.176,0.02,0.385,0.28
Im1273.tif,0.535,0.227,0.737,0.447,0.238,0.18,0.412,0.418
Im1275.tif,0.65,0.348,0.811,0.565,0.239,0.24,0.402,0.463
Im1276.tif,0.643,0.36,0.778,0.539,0.303,0.312,0.438,0.502
Im1277.tif,0.572,0.218,0.738,0.437,0.176,0.139,0.349,0.371
Im1278.tif,0.599,0.289,0.755,0.471,0.332,0.232,0.482,0.417
Im1279.tif,0.648,0.296,0.832,0.496,0.26,0.229,0.427,0.444
Im1282.tif,0.627,0.286,0.784,0.466,0.248,0.276,0.398,0.481
Im1283.tif,0.65,0.361,0.789,0.55,0.371,0.324,0.533,0.524
Im1284.tif,,,,,,,,
Im1285.tif,0.542857,0.274185,0.736842,0.516291,0.141855,0.234085,0.349373,0.47619
Im1286.tif,0.643,0.232,0.811,0.453,0.212,0.238,0.386,0.467
Im1287.tif,0.652,0.312,0.799,0.515,0.255,0.258,0.406,0.464
Im1288.tif,,,,,,,,
Im1289.tif,0.573434,0.293734,0.73985,0.518296,0.226566,0.211529,0.394987,0.447118
Im1290.tif,0.712,0.377,0.858,0.601,0.34,0.259,0.527,0.495
Im1292.tif,,,,,,,,
Im1295.tif,0.612531,0.297243,0.824561,0.59599,0.189474,0.228571,0.395489,0.519799
Im1298.tif,0.617,0.304,0.81,0.554,0.231,0.235,0.415,0.491
Im1299.tif,0.532,0.225,0.668,0.401,0.286,0.202,0.433,0.392
Im1301.tif,0.562,0.429,0.697,0.595,0.287,0.362,0.42,0.559
Im1303.tif,0.554,0.298,0.723,0.516,0.188,0.245,0.338,0.445
Im1305.tif,0.631,0.314,0.799,0.555,0.199,0.208,0.36,0.446
Im1306.tif,0.64,0.289,0.799,0.501,0.188,0.247,0.341,0.469
Im1307.tif,,,,,,,,
Im1308.tif,0.524311,0.210025,0.73183,0.47619,0.18797,0.237093,0.390476,0.500752
Im1309.tif,0.623,0.385,0.802,0.617,0.302,0.372,0.477,0.604
Im1310.tif,0.564,0.239,0.722,0.404,0.166,0.156,0.308,0.328
Im1311.tif,0.537,0.223,0.699,0.434,0.223,0.155,0.392,0.372
Im1312.tif,0.581,0.398,0.721,0.572,0.308,0.317,0.461,0.513
Im1313.tif,,,,,,,,
Im1315.tif,0.609524,0.177444,0.821053,0.403509,0.214035,0.241604,0.408521,0.472682
Im1316.tif,0.587,0.31,0.753,0.517,0.187,0.216,0.359,0.434
Im1317.tif,,,,,,,,
Im1318.tif,0.587469,0.267669,0.78396,0.512281,0.320301,0.230576,0.498747,0.483709
Im1319.tif,0.536,0.241,0.721,0.473,0.288,0.204,0.471,0.451
Im1320.tif,0.488,0.27,0.636,0.483,0.21,0.209,0.343,0.409
Im1322.tif,0.545,0.255,0.707,0.482,0.295,0.211,0.469,0.447
Im1324.tif,,,,,,,,
Im1327.tif,0.485714,0.217043,0.64411,0.42807,0.299749,0.2,0.443108,0.417043
Im1328.tif,0.582,0.231,0.733,0.449,0.144,0.261,0.315,0.472
Im1329.tif,0.585,0.309,0.734,0.493,0.227,0.31,0.366,0.51
Im1330.tif,0.507,0.2,0.672,0.418,0.193,0.165,0.361,0.399
Im1331.tif,,,,,,,,
Im1333.tif,0.670677,0.345865,0.87619,0.601003,0.190476,0.293233,0.423559,0.573935
Im1334.tif,0.743,0.364,0.899,0.556,0.33,0.348,0.481,0.559
Im1335.tif,,,,,,,,
Im1336.tif,0.475188,0.263659,0.658145,0.517794,0.185965,0.173935,0.370927,0.427068
Im1337.tif,0.551,0.216,0.693,0.382,0.213,0.172,0.356,0.336
Im1342.tif,0.628,0.243,0.786,0.441,0.254,0.141,0.4,0.347
Im1344.tif,,,,,,,,
Im1347.tif,0.607519,0.285213,0.806516,0.506767,0.119298,0.266667,0.304261,0.506266
Im1348.tif,0.62,0.335,0.782,0.554,0.219,0.312,0.37,0.529
Im1349.tif,,,,,,,,
Im1352.tif,0.59599,0.42005,0.765915,0.617544,0.365915,0.301253,0.552882,0.536842
Im1354.tif,,,,,,,,
Im1355.tif,0.613033,0.270175,0.880201,0.611529,0.252632,0.250627,0.467168,0.499248
Im1356.tif,,,,,,,,
Im1357.tif,0.544862,0.297744,0.723308,0.538346,0.227068,0.258647,0.397494,0.505764
Im1358.tif,0.607,0.292,0.765,0.501,0.324,0.287,0.494,0.51
Im1359.tif,0.619,0.204,0.794,0.4,0.263,0.188,0.421,0.402
Im1360.tif,,,,,,,,
Im1363.tif,0.671679,0.292732,0.864662,0.521303,0.222556,0.24812,0.414035,0.487218
Im1364.tif,,,,,,,,
Im1365.tif,0.548872,0.465163,0.728321,0.696742,0.323308,0.320301,0.484712,0.546366
Im1367.tif,0.598,0.343,0.74,0.553,0.34,0.271,0.505,0.498
Im1369.tif,0.691,0.376,0.848,0.602,0.237,0.278,0.391,0.508
Im1370.tif,0.65,0.413,0.806,0.631,0.359,0.291,0.544,0.549
Im1372.tif,0.589,0.279,0.739,0.466,0.309,0.248,0.454,0.444
Im1375.tif,0.608,0.261,0.809,0.51,0.173,0.191,0.367,0.433
Im1380.tif,0.706,0.376,0.89,0.61,0.279,0.329,0.438,0.562
Im1381.tif,,,,,,,,
Im1382.tif,0.613534,0.218546,0.798496,0.465163,0.149373,0.241604,0.330827,0.462155
Im1383.tif,0.569,0.228,0.71,0.399,0.2,0.165,0.345,0.351
Im1384.tif,,,,,,,,
Im1385.tif,0.532832,0.328321,0.680201,0.540852,0.221554,0.288221,0.381955,0.46015
Im1386.tif,0.739,0.476,0.89,0.676,0.26,0.396,0.398,0.606
Im1387.tif,0.601,0.325,0.761,0.526,0.236,0.364,0.394,0.578
Im1388.tif,,,,,,,,
Im1390.tif,0.569424,0.289223,0.758897,0.502757,0.223559,0.241103,0.395489,0.443609
Im1391.tif,,,,,,,,
Im1392.tif,0.533835,0.284211,0.756391,0.590977,0.180952,0.231579,0.438095,0.565414
Im1393.tif,0.654,0.321,0.773,0.484,0.265,0.26,0.395,0.448
Im1396.tif,,,,,,,,
Im1397.tif,0.62406,0.285714,0.761905,0.466165,0.344862,0.18797,0.485213,0.364411
Im1398.tif,,,,,,,,
Im1402.tif,0.521303,0.239098,0.729825,0.499248,0.176942,0.297243,0.356892,0.526817
Im1404.tif,0.564,0.228,0.726,0.425,0.28,0.213,0.449,0.423
Im1405.tif,0.6,0.195,0.789,0.394,0.248,0.16,0.425,0.374
Im1406.tif,,,,,,,,
Im1407.tif,0.576942,0.365915,0.757895,0.577444,0.288221,0.290727,0.471679,0.517293
Im1408.tif,0.602,0.256,0.773,0.462,0.269,0.232,0.431,0.435
Im1409.tif,0.636,0.289,0.83,0.515,0.217,0.28,0.396,0.498
Im1410.tif,0.651,0.39,0.801,0.582,0.348,0.387,0.504,0.583
Im1411.tif,0.688,0.35,0.847,0.552,0.34,0.282,0.487,0.462
Im1413.tif,,,,,,,,
Im1416.tif,0.583459,0.161905,0.758396,0.406015,0.203509,0.177444,0.339348,0.35589
Im1418.tif,0.656,0.362,0.851,0.604,0.24,0.274,0.442,0.558
Im1419.tif,0.489,0.292,0.686,0.532,0.22,0.318,0.44,0.56
Im1420.tif,0.589,0.316,0.756,0.512,0.253,0.261,0.414,0.498
Im1421.tif,,,,,,,,
Im1422.tif,0.639098,0.352882,0.838095,0.587469,0.263659,0.312782,0.449624,0.574937
Im1423.tif,,,,,,,,
Im1424.tif,0.596491,0.294236,0.788471,0.525815,0.20401,0.243108,0.394486,0.511278
Im1425.tif,,,,,,,,
Im1426.tif,0.594486,0.32782,0.782957,0.558897,0.245113,0.302256,0.422055,0.537845
Im1428.tif,0.532,0.345,0.671,0.551,0.295,0.28,0.459,0.498
Im1429.tif,0.545,0.222,0.68,0.386,0.243,0.229,0.381,0.403
Im1430.tif,0.528,0.25,0.691,0.451,0.187,0.176,0.352,0.343
Im1431.tif,0.643,0.347,0.823,0.569,0.304,0.294,0.477,0.521
Im1432.tif,0.557,0.316,0.734,0.538,0.242,0.251,0.389,0.48
Im1434.tif,0.715,0.343,0.889,0.559,0.256,0.252,0.436,0.482
Im1435.tif,0.673,0.292,0.873,0.53,0.119,0.249,0.306,0.499
Im1436.tif,0.605,0.322,0.77,0.56,0.187,0.265,0.362,0.507
Im1437.tif,,,,,,,,
Im1438.tif,0.645614,0.292732,0.844612,0.534336,0.185464,0.211529,0.36391,0.440602
Im1439.tif,,,,,,,,
Im1440.tif,0.687218,0.317794,0.890226,0.546366,0.278697,0.20802,0.493233,0.442607
Im1441.tif,0.568,0.258,0.72,0.453,0.263,0.24,0.399,0.433
Im1442.tif,,,,,,,,
Im1443.tif,0.618045,0.373434,0.790476,0.580451,0.24411,0.224561,0.407519,0.445614
Im1445.tif,0.552,0.305,0.724,0.529,0.167,0.243,0.33,0.448
Im1446.tif,0.721,0.4,0.931,0.67,0.26,0.315,0.467,0.589
Im1447.tif,,,,,,,,
Im1451.tif,0.663158,0.320802,0.806015,0.489724,0.269674,0.250627,0.411028,0.439599
Im1454.tif,0.655,0.349,0.851,0.603,0.203,0.263,0.412,0.532
Im1455.tif,0.683,0.352,0.842,0.562,0.318,0.3,0.493,0.525
Im1456.tif,,,,,,,,
Im1457.tif,0.64812,0.361404,0.837594,0.585464,0.288722,0.288722,0.478195,0.512281
Im1458.tif,0.605,0.324,0.783,0.541,0.266,0.261,0.433,0.491
Im1459.tif,0.507,0.303,0.655,0.484,0.197,0.235,0.348,0.431
Im1460.tif,,,,,,,,
Im1462.tif,,,,,,,,
Im1463.tif,0.733,0.289,0.913,0.549,0.254,0.285,0.452,0.572
Im1464.tif,0.618,0.359,0.784,0.561,0.31,0.318,0.453,0.524
Im1465.tif,0.634,0.166,0.843,0.457,0.139,0.103,0.351,0.411
Im1466.tif,0.591,0.339,0.732,0.547,0.27,0.28,0.412,0.497
Im1470.tif,0.573,0.334,0.727,0.54,0.312,0.313,0.461,0.531
Im1472.tif,0.616,0.344,0.784,0.516,0.249,0.317,0.397,0.462
Im1475.tif,,,,,,,,
Im1482.tif,0.586,0.365,0.729,0.543,0.224,0.302,0.36,0.492
Im1483.tif,,,,,,,,
Im1486.tif,,,,,,,,
Im1488.tif,0.602506,0.315789,0.794987,0.491228,0.324311,0.218045,0.474185,0.41604
Im1489.tif,0.579,0.318,0.722,0.528,0.305,0.296,0.467,0.513
Im1490.tif,0.624,0.311,0.881,0.623,0.204,0.173,0.438,0.49
Im1493.tif,,,,,,,,
Im1494.tif,0.57193,0.321303,0.75589,0.545865,0.219048,0.33183,0.406015,0.596491
Im1495.tif,,,,,,,,
Im1496.tif,0.68,0.33,0.84,0.551,0.352,0.282,0.502,0.481
Im1497.tif,,,,,,,,
Im1498.tif,,,,,,,,
Im1499.tif,,,,,,,,
Im1500.tif,0.665163,0.23208,0.879198,0.501253,0.141353,0.2,0.380451,0.473183
Im1501.tif,,,,,,,,
Im1502.tif,0.612,0.223,0.812,0.454,0.238,0.189,0.421,0.443
Im1503.tif,0.521,0.197,0.721,0.428,0.18,0.15,0.37,0.399
Im1505.tif,,,,,,,,
Im1507.tif,0.665,0.362,0.817,0.601,0.28,0.262,0.456,0.511
Im1508.tif,0.558,0.304,0.715,0.535,0.282,0.248,0.446,0.456
Im1514.tif,0.573,0.399,0.727,0.603,0.323,0.375,0.477,0.574
Im1515.tif,0.553,0.312,0.697,0.503,0.32,0.297,0.442,0.477
Im1516.tif,0.508,0.171,0.686,0.395,0.228,0.181,0.402,0.402
Im1517.tif,,,,,,,,
Im1520.tif,0.683,0.363,0.871,0.605,0.206,0.215,0.379,0.462
Im1522.tif,0.637,0.215,0.818,0.424,0.218,0.155,0.39,0.397
Im1524.tif,0.623,0.241,0.811,0.486,0.143,0.183,0.322,0.443
Im1525.tif,0.553,0.274,0.705,0.474,0.194,0.226,0.348,0.402
Im1526.tif,0.709,0.411,0.839,0.59,0.301,0.354,0.435,0.54
Im1527.tif,0.74,0.352,0.896,0.579,0.309,0.346,0.484,0.592
Im1529.tif,0.711,0.283,0.876,0.511,0.261,0.28,0.439,0.529
Im1530.tif,0.633,0.265,0.821,0.513,0.217,0.289,0.421,0.543
Im1531.tif,0.668,0.392,0.819,0.62,0.313,0.358,0.482,0.596
Im1533.tif,0.648,0.299,0.846,0.53,0.215,0.167,0.432,0.431
Im1536.tif,0.659,0.369,0.815,0.576,0.391,0.303,0.556,0.513
Im1537.tif,0.517,0.28,0.704,0.515,0.168,0.223,0.35,0.456
Im1538.tif,0.535,0.228,0.721,0.453,0.166,0.234,0.346,0.466
Im1539.tif,0.618,0.259,0.805,0.495,0.261,0.215,0.459,0.46
Im1540.tif,0.628,0.193,0.805,0.439,0.245,0.113,0.434,0.361
Im1542.tif,0.576,0.39,0.731,0.575,0.229,0.384,0.382,0.571
Im1543.tif,0.639,0.305,0.788,0.49,0.26,0.261,0.408,0.454
Im1544.tif,,,,,,,,
Im1545.tif,0.634085,0.293233,0.84411,0.557895,0.125815,0.293233,0.341855,0.550877
Im1546.tif,0.624,0.348,0.775,0.537,0.23,0.357,0.384,0.551
Im1547.tif,,,,,,,,
Im1550.tif,0.504261,0.231078,0.665163,0.430075,0.247619,0.198496,0.411529,0.397995
Im1551.tif,0.588,0.347,0.747,0.564,0.183,0.205,0.351,0.397
Im1552.tif,0.56,0.287,0.732,0.526,0.157,0.2,0.323,0.44
Im1553.tif,,,,,,,,
Im1555.tif,0.634586,0.362406,0.803509,0.596491,0.223559,0.331328,0.396491,0.549875
Im1558.tif,,,,,,,,
Im1559.tif,0.518797,0.181955,0.702757,0.430075,0.260652,0.174436,0.442607,0.430075
Im1560.tif,0.477,0.18,0.629,0.384,0.221,0.125,0.403,0.357
Im1564.tif,,,,,,,,
Im1565.tif,0.524311,0.288722,0.684712,0.480201,0.247619,0.209524,0.4,0.414536
Im1567.tif,0.688,0.251,0.874,0.479,0.285,0.183,0.466,0.423
Im1569.tif,,,,,,,,
Im1570.tif,0.562406,0.231078,0.735338,0.429073,0.186466,0.140852,0.370927,0.381955
Im1572.tif,,,,,,,,
Im1573.tif,0.501754,0.208521,0.728321,0.463659,0.142356,0.182957,0.342857,0.430576
Im1576.tif,,,,,,,,
Im1577.tif,0.625063,0.251629,0.808521,0.497744,0.170426,0.222556,0.352381,0.466667
Im1578.tif,0.534,0.265,0.709,0.531,0.148,0.22,0.35,0.485
Im1579.tif,,,,,,,,
Im1581.tif,0.659649,0.16792,0.888722,0.478697,0.135338,0.088722,0.352381,0.36792
Im1582.tif,0.666,0.213,0.884,0.496,0.148,0.14,0.353,0.394
Im1583.tif,0.717,0.281,0.921,0.537,0.255,0.245,0.435,0.476
Im1584.tif,,,,,,,,
Im1585.tif,0.564912,0.313283,0.739348,0.521805,0.279198,0.285213,0.46817,0.506767
Im1588.tif,0.581,0.267,0.746,0.496,0.242,0.163,0.427,0.412
Im1589.tif,0.624,0.34,0.777,0.552,0.225,0.305,0.408,0.524
Im1591.tif,0.53,0.278,0.737,0.552,0.124,0.14,0.31,0.406
Im1592.tif,0.585,0.383,0.727,0.59,0.319,0.242,0.49,0.47
Im1593.tif,0.528,0.318,0.744,0.538,0.181,0.211,0.351,0.462
Im1594.tif,0.642,0.375,0.829,0.614,0.196,0.322,0.344,0.535
Im1597.tif,0.613,0.257,0.767,0.442,0.296,0.198,0.437,0.402
Im1600.tif,0.563,0.349,0.717,0.566,0.329,0.313,0.494,0.536
Im1601.tif,,,,,,,,
Im1602.tif,0.53584,0.378446,0.736842,0.617043,0.194987,0.21203,0.377945,0.470677
Im1603.tif,,,,,,,,
Im1606.tif,0.584461,0.332331,0.725313,0.507769,0.265664,0.286717,0.410526,0.469674
Im1607.tif,,,,,,,,
Im1608.tif,0.572932,0.431579,0.718797,0.620551,0.289223,0.351378,0.474687,0.576942
Im1610.tif,0.54,0.313,0.664,0.465,0.345,0.297,0.469,0.471
Im1612.tif,0.637,0.219,0.809,0.443,0.247,0.28,0.424,0.518
Im1613.tif,0.499,0.327,0.644,0.537,0.292,0.227,0.455,0.444
Im1614.tif,0.543,0.264,0.716,0.495,0.308,0.243,0.489,0.481
Im1615.tif,0.529,0.211,0.709,0.428,0.178,0.173,0.349,0.394
Im1618.tif,,,,,,,,
Im1619.tif,0.496241,0.181454,0.689223,0.424561,0.237594,0.179449,0.409524,0.411529
Im1621.tif,,,,,,,,
Im1624.tif,0.438095,0.201504,0.591479,0.395489,0.26015,0.273684,0.413534,0.465664
Im1625.tif,,,,,,,,
Im1627.tif,0.578947,0.353383,0.765915,0.605514,0.349373,0.308772,0.516291,0.529323
Im1628.tif,0.574,0.262,0.686,0.413,0.237,0.246,0.343,0.404
Im1629.tif,0.57,0.259,0.676,0.41,0.222,0.211,0.331,0.366
Im1630.tif,0.592,0.286,0.709,0.434,0.288,0.233,0.39,0.381
Im1631.tif,0.647,0.31,0.774,0.477,0.291,0.255,0.41,0.428
Im1632.tif,0.628,0.266,0.788,0.464,0.259,0.244,0.419,0.457
